[{"model": "contenttypes.contenttype", "fields": {"app_label": "admin", "model": "logentry"}}, {"model": "contenttypes.contenttype", "fields": {"app_label": "auth", "model": "permission"}}, {"model": "contenttypes.contenttype", "fields": {"app_label": "auth", "model": "group"}}, {"model": "contenttypes.contenttype", "fields": {"app_label": "contenttypes", "model": "contenttype"}}, {"model": "contenttypes.contenttype", "fields": {"app_label": "sessions", "model": "session"}}, {"model": "contenttypes.contenttype", "fields": {"app_label": "mainapp", "model": "category"}}, {"model": "contenttypes.contenttype", "fields": {"app_label": "mainapp", "model": "product"}}, {"model": "contenttypes.contenttype", "fields": {"app_label": "authapp", "model": "customuser"}}, {"model": "contenttypes.contenttype", "fields": {"app_label": "basketapp", "model": "basketitem"}}, {"model": "contenttypes.contenttype", "fields": {"app_label": "social_django", "model": "association"}}, {"model": "contenttypes.contenttype", "fields": {"app_label": "social_django", "model": "code"}}, {"model": "contenttypes.contenttype", "fields": {"app_label": "social_django", "model": "nonce"}}, {"model": "contenttypes.contenttype", "fields": {"app_label": "social_django", "model": "usersocialauth"}}, {"model": "contenttypes.contenttype", "fields": {"app_label": "social_django", "model": "partial"}}, {"model": "contenttypes.contenttype", "fields": {"app_label": "authapp", "model": "customuserprofile"}}, {"model": "contenttypes.contenttype", "fields": {"app_label": "ordersapp", "model": "orderitem"}}, {"model": "contenttypes.contenttype", "fields": {"app_label": "ordersapp", "model": "order"}}, {"model": "sessions.session", "pk": "3nd03z4v0sym26m9htu7ee5dg1lc6ko8", "fields": {"session_data": ".eJxVj01LxDAURf9L1lqbjyapu6LMLAZ0ISi6CS8vr7YktDDJzIjif7eVQZzteZx77_tiE30Udstu2BU7xusZDmUQLhcotNBTF9NLsW9w9zlt7nfyKXSvqE8PNe-3yXZxkdxquEOmvRvDonBzCT1gpGm95BlHSA7nPVVnmqtjrJ53j93aeukNkIdFkg2QDQbQK-Stb3nT2l6Iug4gGyOV8NprIzgpRNOqHnurdZBUa64s6XXMufc3OkEuLs3v4_Rv2N_f7PsHa0lYtg:1oLgBP:GCrl5tmCtw6yAd5xn2ycRuXBnW4gVe3f0DcDgd-7PLw", "expire_date": "2022-08-24T07:31:15.737Z"}}, {"model": "sessions.session", "pk": "5rzzjkcxhabqnx13140f3ck9dnnv0dan", "fields": {"session_data": "e30:1oIvtv:R50G-qaRzaYGRxXge0wHPtU3v5yT6DdrypE_3zumPvo", "expire_date": "2022-08-16T17:41:51.481Z"}}, {"model": "sessions.session", "pk": "79qsp0l2ihm3vyhr0tuxnxlz7b3amn19", "fields": {"session_data": ".eJxVjDkOwjAUBe_iGln2905JnzNY3xsOIFuKkwpxdxIpBbQz896beNzW6reRFz8nciUcyOUXBozP3A6THtjuncbe1mUO9EjoaQedesqv29n-HVQcdV87KzNDCzyayCHqoCyYHZSogizSOM0d42CDBIYakkIGXOisihBOoSafL-PANto:1oBqV0:srlToen-C81dtcIlESHkZT-5jSIQz9ZPf05y-kEUjKE", "expire_date": "2022-07-28T04:30:50.436Z"}}, {"model": "sessions.session", "pk": "ic28o4hi7a0t3l5trs4jhsfy3l7j06dp", "fields": {"session_data": ".eJxVj8tOwzAQRf_F65LGj_jRHWwKrQor2FrjyYREMYkauwWE-HcSVCG6PaNz750vNtBHZhu2Zit27m9GOOVW-JQh00yjfnQRj_e7d_u2tQ9dkJoo7T-Tudvung_TLPnF8KdEk-_qWeHmGgbAnoblkkbsIHocJyouNBXnvnjZP90urddeC6mdJVkB2doABoXcBccrZxshyrIGWRmpRNBBG8FJIRqnGmys1rWkUnNlSS9jLr2_0RFS9nF87YZ_w_7-Zt8_eNpYzg:1oazbp:_81Mkhk951Ve6qK6PohvrARz1JxrH0Oc0loTtQfcVfs", "expire_date": "2022-10-05T13:17:49.631Z"}}, {"model": "sessions.session", "pk": "rbvk2apy9aedpj8vouo1zrtfequgjspf", "fields": {"session_data": ".eJxVjDsOwjAQRO_iGln-4B8lfc5grb1rHECOFCcV4u5gKQVUI817My8WYd9q3DutcUZ2YZKdfrsE-UFtALxDuy08L21b58SHwg_a-bQgPa-H-3dQodexNi4r7cFolJhIFC2LhbN3woDPRqHGJC2RCU67YG0oToikgiEH5Rvs_QHhDTeF:1ojJau:YWG5njStEy-gvmBAgZPTETs4mWoeeYJEHzITfIlDkZw", "expire_date": "2022-10-28T12:15:16.779Z"}}, {"model": "sessions.session", "pk": "sms6rpuw95h3pd4vf6i7w3ajn45p1rby", "fields": {"session_data": ".eJxVjEEOwiAQRe_C2hDAYWhcuvcMZJgBqRqalHbVeHdt0oVu_3vvbyrSutS49jzHUdRFWVSn3zERP3PbiTyo3SfNU1vmMeld0Qft-jZJfl0P9--gUq_fGtkY9ADBkZQimS0zu8H6khHE2QzhnAqgQxoCszeEligIIIJDJ-r9ARXcOCo:1oIvzV:WPsVuvPPQTZCDcK-9Ilm3uF3L88CogrcfdrNDkM0ZsE", "expire_date": "2022-08-16T17:47:37.079Z"}}, {"model": "mainapp.category", "pk": 1, "fields": {"name": "дом", "description": "отличная мебель для домашнего интерьера.", "is_active": true}}, {"model": "mainapp.category", "pk": 2, "fields": {"name": "офис", "description": "стильная и надежная офисная мебель нового поколения.", "is_active": true}}, {"model": "mainapp.category", "pk": 3, "fields": {"name": "модерн", "description": "мебель в стиле МОДЕРН подойдет для любого интерьера.", "is_active": true}}, {"model": "mainapp.category", "pk": 4, "fields": {"name": "классика", "description": "классический стиль актуален в любые времена.", "is_active": true}}, {"model": "mainapp.product", "pk": 1, "fields": {"category": 1, "name": "комфорт 1", "description": "подойдет для просмотра фильмов", "image": "products_images/product-1.jpg", "price": "2989.50", "stock": 1000, "is_active": true}}, {"model": "mainapp.product", "pk": 2, "fields": {"category": 1, "name": "комфорт 2", "description": "подойдет для общения с друзьями", "image": "products_images/product-2.jpg", "price": "3687.20", "stock": 1000, "is_active": true}}, {"model": "mainapp.product", "pk": 3, "fields": {"category": 1, "name": "люкс", "description": "для тех, кто стремится к лучшему", "image": "products_images/product-3.jpg", "price": "8157.99", "stock": 1000, "is_active": true}}, {"model": "mainapp.product", "pk": 4, "fields": {"category": 2, "name": "стандарт", "description": "подойдет для любого офиса", "image": "products_images/product-4.jpg", "price": "1895.25", "stock": 1000, "is_active": true}}, {"model": "mainapp.product", "pk": 5, "fields": {"category": 2, "name": "премиум", "description": "идеально впишется в строгий интерьер офиса", "image": "products_images/product-5.jpg", "price": "3587.41", "stock": 1000, "is_active": true}}, {"model": "mainapp.product", "pk": 6, "fields": {"category": 3, "name": "новинка", "description": "нестандартное решение для современного интерьера", "image": "products_images/product-6.jpg", "price": "5361.47", "stock": 1000, "is_active": true}}, {"model": "mainapp.product", "pk": 7, "fields": {"category": 3, "name": "прогресс", "description": "функциональное и комфортное решение", "image": "products_images/product-7.jpg", "price": "6789.33", "stock": 1000, "is_active": true}}, {"model": "mainapp.product", "pk": 8, "fields": {"category": 4, "name": "венеция", "description": "окунитесь в европейский комфорт", "image": "products_images/product-8.jpg", "price": "4147.51", "stock": 1000, "is_active": true}}, {"model": "mainapp.product", "pk": 9, "fields": {"category": 4, "name": "тоскана", "description": "почувствуйте комфорт и насладитесь цветовой гаммой", "image": "products_images/product-9.jpg", "price": "7147.35", "stock": 1000, "is_active": true}}, {"model": "mainapp.product", "pk": 10, "fields": {"category": 4, "name": "рим", "description": "компактность и функциональность", "image": "products_images/product-10.jpg", "price": "8357.77", "stock": 1000, "is_active": true}}, {"model": "ordersapp.orderitem", "pk": 1, "fields": {"order": 1, "product": 7, "quantity": 2, "create_data": "2022-08-15T16:42:34.170Z", "update_data": "2022-08-15T16:42:34.171Z"}}, {"model": "ordersapp.orderitem", "pk": 2, "fields": {"order": 1, "product": 6, "quantity": 1, "create_data": "2022-08-15T16:42:34.171Z", "update_data": "2022-08-15T16:42:34.171Z"}}, {"model": "ordersapp.orderitem", "pk": 3, "fields": {"order": 2, "product": 4, "quantity": 1, "create_data": "2022-08-15T16:56:47.797Z", "update_data": "2022-08-15T16:56:47.797Z"}}, {"model": "ordersapp.orderitem", "pk": 4, "fields": {"order": 2, "product": 7, "quantity": 1, "create_data": "2022-08-15T16:56:47.797Z", "update_data": "2022-08-15T16:56:47.797Z"}}, {"model": "ordersapp.orderitem", "pk": 5, "fields": {"order": 2, "product": 1, "quantity": 1, "create_data": "2022-08-15T16:56:47.797Z", "update_data": "2022-08-15T16:56:47.797Z"}}, {"model": "ordersapp.orderitem", "pk": 6, "fields": {"order": 3, "product": 1, "quantity": 4, "create_data": "2022-09-09T15:12:35.549Z", "update_data": "2022-09-24T11:40:54.949Z"}}, {"model": "ordersapp.orderitem", "pk": 7, "fields": {"order": 3, "product": 5, "quantity": 2, "create_data": "2022-09-09T15:12:35.550Z", "update_data": "2022-09-16T10:40:26.096Z"}}, {"model": "ordersapp.orderitem", "pk": 8, "fields": {"order": 3, "product": 2, "quantity": 4, "create_data": "2022-09-09T15:12:35.550Z", "update_data": "2022-09-09T15:12:35.550Z"}}, {"model": "ordersapp.orderitem", "pk": 9, "fields": {"order": 4, "product": 1, "quantity": 3, "create_data": "2022-09-21T13:11:17.713Z", "update_data": "2022-09-21T13:11:17.713Z"}}, {"model": "ordersapp.orderitem", "pk": 10, "fields": {"order": 5, "product": 8, "quantity": 3, "create_data": "2022-09-24T11:37:01.184Z", "update_data": "2022-09-24T11:37:01.184Z"}}, {"model": "ordersapp.orderitem", "pk": 11, "fields": {"order": 5, "product": 1, "quantity": 4, "create_data": "2022-09-24T11:37:01.185Z", "update_data": "2022-09-24T11:37:01.185Z"}}, {"model": "ordersapp.orderitem", "pk": 12, "fields": {"order": 5, "product": 7, "quantity": 1, "create_data": "2022-09-24T11:37:01.185Z", "update_data": "2022-09-24T11:37:01.185Z"}}, {"model": "ordersapp.orderitem", "pk": 13, "fields": {"order": 6, "product": 1, "quantity": 3, "create_data": "2022-09-24T11:38:24.179Z", "update_data": "2022-09-24T11:38:24.179Z"}}, {"model": "ordersapp.orderitem", "pk": 14, "fields": {"order": 7, "product": 5, "quantity": 200, "create_data": "2022-10-21T19:19:08.988Z", "update_data": "2022-10-21T19:19:08.988Z"}}, {"model": "auth.permission", "fields": {"name": "Can add log entry", "content_type": ["admin", "logentry"], "codename": "add_logentry"}}, {"model": "auth.permission", "fields": {"name": "Can change log entry", "content_type": ["admin", "logentry"], "codename": "change_logentry"}}, {"model": "auth.permission", "fields": {"name": "Can delete log entry", "content_type": ["admin", "logentry"], "codename": "delete_logentry"}}, {"model": "auth.permission", "fields": {"name": "Can view log entry", "content_type": ["admin", "logentry"], "codename": "view_logentry"}}, {"model": "auth.permission", "fields": {"name": "Can add permission", "content_type": ["auth", "permission"], "codename": "add_permission"}}, {"model": "auth.permission", "fields": {"name": "Can change permission", "content_type": ["auth", "permission"], "codename": "change_permission"}}, {"model": "auth.permission", "fields": {"name": "Can delete permission", "content_type": ["auth", "permission"], "codename": "delete_permission"}}, {"model": "auth.permission", "fields": {"name": "Can view permission", "content_type": ["auth", "permission"], "codename": "view_permission"}}, {"model": "auth.permission", "fields": {"name": "Can add group", "content_type": ["auth", "group"], "codename": "add_group"}}, {"model": "auth.permission", "fields": {"name": "Can change group", "content_type": ["auth", "group"], "codename": "change_group"}}, {"model": "auth.permission", "fields": {"name": "Can delete group", "content_type": ["auth", "group"], "codename": "delete_group"}}, {"model": "auth.permission", "fields": {"name": "Can view group", "content_type": ["auth", "group"], "codename": "view_group"}}, {"model": "auth.permission", "fields": {"name": "Can add content type", "content_type": ["contenttypes", "contenttype"], "codename": "add_contenttype"}}, {"model": "auth.permission", "fields": {"name": "Can change content type", "content_type": ["contenttypes", "contenttype"], "codename": "change_contenttype"}}, {"model": "auth.permission", "fields": {"name": "Can delete content type", "content_type": ["contenttypes", "contenttype"], "codename": "delete_contenttype"}}, {"model": "auth.permission", "fields": {"name": "Can view content type", "content_type": ["contenttypes", "contenttype"], "codename": "view_contenttype"}}, {"model": "auth.permission", "fields": {"name": "Can add session", "content_type": ["sessions", "session"], "codename": "add_session"}}, {"model": "auth.permission", "fields": {"name": "Can change session", "content_type": ["sessions", "session"], "codename": "change_session"}}, {"model": "auth.permission", "fields": {"name": "Can delete session", "content_type": ["sessions", "session"], "codename": "delete_session"}}, {"model": "auth.permission", "fields": {"name": "Can view session", "content_type": ["sessions", "session"], "codename": "view_session"}}, {"model": "auth.permission", "fields": {"name": "Can add категория", "content_type": ["mainapp", "category"], "codename": "add_category"}}, {"model": "auth.permission", "fields": {"name": "Can change категория", "content_type": ["mainapp", "category"], "codename": "change_category"}}, {"model": "auth.permission", "fields": {"name": "Can delete категория", "content_type": ["mainapp", "category"], "codename": "delete_category"}}, {"model": "auth.permission", "fields": {"name": "Can view категория", "content_type": ["mainapp", "category"], "codename": "view_category"}}, {"model": "auth.permission", "fields": {"name": "Can add продукт", "content_type": ["mainapp", "product"], "codename": "add_product"}}, {"model": "auth.permission", "fields": {"name": "Can change продукт", "content_type": ["mainapp", "product"], "codename": "change_product"}}, {"model": "auth.permission", "fields": {"name": "Can delete продукт", "content_type": ["mainapp", "product"], "codename": "delete_product"}}, {"model": "auth.permission", "fields": {"name": "Can view продукт", "content_type": ["mainapp", "product"], "codename": "view_product"}}, {"model": "auth.permission", "fields": {"name": "Can add пользователь", "content_type": ["authapp", "customuser"], "codename": "add_customuser"}}, {"model": "auth.permission", "fields": {"name": "Can change пользователь", "content_type": ["authapp", "customuser"], "codename": "change_customuser"}}, {"model": "auth.permission", "fields": {"name": "Can delete пользователь", "content_type": ["authapp", "customuser"], "codename": "delete_customuser"}}, {"model": "auth.permission", "fields": {"name": "Can view пользователь", "content_type": ["authapp", "customuser"], "codename": "view_customuser"}}, {"model": "auth.permission", "fields": {"name": "Can add корзина", "content_type": ["basketapp", "basketitem"], "codename": "add_basketitem"}}, {"model": "auth.permission", "fields": {"name": "Can change корзина", "content_type": ["basketapp", "basketitem"], "codename": "change_basketitem"}}, {"model": "auth.permission", "fields": {"name": "Can delete корзина", "content_type": ["basketapp", "basketitem"], "codename": "delete_basketitem"}}, {"model": "auth.permission", "fields": {"name": "Can view корзина", "content_type": ["basketapp", "basketitem"], "codename": "view_basketitem"}}, {"model": "auth.permission", "fields": {"name": "Can add association", "content_type": ["social_django", "association"], "codename": "add_association"}}, {"model": "auth.permission", "fields": {"name": "Can change association", "content_type": ["social_django", "association"], "codename": "change_association"}}, {"model": "auth.permission", "fields": {"name": "Can delete association", "content_type": ["social_django", "association"], "codename": "delete_association"}}, {"model": "auth.permission", "fields": {"name": "Can view association", "content_type": ["social_django", "association"], "codename": "view_association"}}, {"model": "auth.permission", "fields": {"name": "Can add code", "content_type": ["social_django", "code"], "codename": "add_code"}}, {"model": "auth.permission", "fields": {"name": "Can change code", "content_type": ["social_django", "code"], "codename": "change_code"}}, {"model": "auth.permission", "fields": {"name": "Can delete code", "content_type": ["social_django", "code"], "codename": "delete_code"}}, {"model": "auth.permission", "fields": {"name": "Can view code", "content_type": ["social_django", "code"], "codename": "view_code"}}, {"model": "auth.permission", "fields": {"name": "Can add nonce", "content_type": ["social_django", "nonce"], "codename": "add_nonce"}}, {"model": "auth.permission", "fields": {"name": "Can change nonce", "content_type": ["social_django", "nonce"], "codename": "change_nonce"}}, {"model": "auth.permission", "fields": {"name": "Can delete nonce", "content_type": ["social_django", "nonce"], "codename": "delete_nonce"}}, {"model": "auth.permission", "fields": {"name": "Can view nonce", "content_type": ["social_django", "nonce"], "codename": "view_nonce"}}, {"model": "auth.permission", "fields": {"name": "Can add user social auth", "content_type": ["social_django", "usersocialauth"], "codename": "add_usersocialauth"}}, {"model": "auth.permission", "fields": {"name": "Can change user social auth", "content_type": ["social_django", "usersocialauth"], "codename": "change_usersocialauth"}}, {"model": "auth.permission", "fields": {"name": "Can delete user social auth", "content_type": ["social_django", "usersocialauth"], "codename": "delete_usersocialauth"}}, {"model": "auth.permission", "fields": {"name": "Can view user social auth", "content_type": ["social_django", "usersocialauth"], "codename": "view_usersocialauth"}}, {"model": "auth.permission", "fields": {"name": "Can add partial", "content_type": ["social_django", "partial"], "codename": "add_partial"}}, {"model": "auth.permission", "fields": {"name": "Can change partial", "content_type": ["social_django", "partial"], "codename": "change_partial"}}, {"model": "auth.permission", "fields": {"name": "Can delete partial", "content_type": ["social_django", "partial"], "codename": "delete_partial"}}, {"model": "auth.permission", "fields": {"name": "Can view partial", "content_type": ["social_django", "partial"], "codename": "view_partial"}}, {"model": "auth.permission", "fields": {"name": "Can add custom user profile", "content_type": ["authapp", "customuserprofile"], "codename": "add_customuserprofile"}}, {"model": "auth.permission", "fields": {"name": "Can change custom user profile", "content_type": ["authapp", "customuserprofile"], "codename": "change_customuserprofile"}}, {"model": "auth.permission", "fields": {"name": "Can delete custom user profile", "content_type": ["authapp", "customuserprofile"], "codename": "delete_customuserprofile"}}, {"model": "auth.permission", "fields": {"name": "Can view custom user profile", "content_type": ["authapp", "customuserprofile"], "codename": "view_customuserprofile"}}, {"model": "auth.permission", "fields": {"name": "Can add order item", "content_type": ["ordersapp", "orderitem"], "codename": "add_orderitem"}}, {"model": "auth.permission", "fields": {"name": "Can change order item", "content_type": ["ordersapp", "orderitem"], "codename": "change_orderitem"}}, {"model": "auth.permission", "fields": {"name": "Can delete order item", "content_type": ["ordersapp", "orderitem"], "codename": "delete_orderitem"}}, {"model": "auth.permission", "fields": {"name": "Can view order item", "content_type": ["ordersapp", "orderitem"], "codename": "view_orderitem"}}, {"model": "auth.permission", "fields": {"name": "Can add заказ", "content_type": ["ordersapp", "order"], "codename": "add_order"}}, {"model": "auth.permission", "fields": {"name": "Can change заказ", "content_type": ["ordersapp", "order"], "codename": "change_order"}}, {"model": "auth.permission", "fields": {"name": "Can delete заказ", "content_type": ["ordersapp", "order"], "codename": "delete_order"}}, {"model": "auth.permission", "fields": {"name": "Can view заказ", "content_type": ["ordersapp", "order"], "codename": "view_order"}}, {"model": "authapp.customuser", "fields": {"password": "pbkdf2_sha256$260000$3EZd5AUimgPgiKJsNshLsz$4KJL/7C+Hek+A9OY57AnMTneAjYzPbuTXxJAg8RfydM=", "last_login": "2022-10-14T12:15:16.770Z", "is_superuser": true, "username": "alex", "first_name": "", "last_name": "", "email": "alex@mail.com", "is_staff": true, "is_active": true, "date_joined": "2022-07-09T19:14:31.260Z", "avatar": "", "age": 18, "user_activation_key": "", "groups": [], "user_permissions": []}}, {"model": "authapp.customuser", "fields": {"password": "pbkdf2_sha256$260000$VlV7kXnAAtLTkBD6Khxyyb$0UIy6SBemrNnIGReahCIecjRmlFwK6jdY1ub3OBiFw0=", "last_login": "2022-08-02T17:47:37.071Z", "is_superuser": false, "username": "alexabolot", "first_name": "alex", "last_name": "bolot", "email": "alexabolot@gmail.com", "is_staff": false, "is_active": true, "date_joined": "2022-08-02T17:47:22.669Z", "avatar": "", "age": 22, "user_activation_key": "b82324c50e5ac2c27240874e8fc340ce84360682", "groups": [], "user_permissions": []}}, {"model": "authapp.customuser", "fields": {"password": "!zj3JSRZxyuNJd4dQZ0CYsLEtIqd950Gr21ynRkKN", "last_login": "2022-09-21T13:17:49.617Z", "is_superuser": false, "username": "alexabolot92408e9350894ecd", "first_name": "Александр", "last_name": "Болотов", "email": "", "is_staff": false, "is_active": true, "date_joined": "2022-08-02T18:01:26.102Z", "avatar": "user_photos/delivery_x1Njl3R.png", "age": 18, "user_activation_key": "", "groups": [], "user_permissions": []}}, {"model": "authapp.customuserprofile", "pk": 1, "fields": {"tagline": "", "about_me": "", "gender": ""}}, {"model": "authapp.customuserprofile", "pk": 16, "fields": {"tagline": "", "about_me": "", "gender": ""}}, {"model": "authapp.customuserprofile", "pk": 17, "fields": {"tagline": "it", "about_me": "начинающий web", "gender": "M"}}, {"model": "ordersapp.order", "pk": 1, "fields": {"user": ["alexabolot92408e9350894ecd"], "create_data": "2022-08-15T16:42:34.164Z", "update_data": "2022-08-15T16:42:34.164Z", "status": "F", "is_active": true}}, {"model": "ordersapp.order", "pk": 2, "fields": {"user": ["alexabolot92408e9350894ecd"], "create_data": "2022-08-15T16:56:47.789Z", "update_data": "2022-08-15T16:56:47.789Z", "status": "F", "is_active": true}}, {"model": "ordersapp.order", "pk": 3, "fields": {"user": ["alexabolot92408e9350894ecd"], "create_data": "2022-09-09T15:12:35.540Z", "update_data": "2022-09-24T11:41:09.983Z", "status": "F", "is_active": true}}, {"model": "ordersapp.order", "pk": 4, "fields": {"user": ["alexabolot92408e9350894ecd"], "create_data": "2022-09-21T13:11:17.709Z", "update_data": "2022-09-21T13:20:13.655Z", "status": "F", "is_active": false}}, {"model": "ordersapp.order", "pk": 5, "fields": {"user": ["alexabolot92408e9350894ecd"], "create_data": "2022-09-24T11:37:01.172Z", "update_data": "2022-09-24T11:37:23.186Z", "status": "F", "is_active": false}}, {"model": "ordersapp.order", "pk": 6, "fields": {"user": ["alexabolot92408e9350894ecd"], "create_data": "2022-09-24T11:38:24.174Z", "update_data": "2022-09-24T11:38:35.955Z", "status": "F", "is_active": false}}, {"model": "ordersapp.order", "pk": 7, "fields": {"user": ["alex"], "create_data": "2022-10-21T19:19:08.983Z", "update_data": "2022-10-21T19:19:08.983Z", "status": "F", "is_active": true}}, {"model": "social_django.usersocialauth", "pk": 1, "fields": {"user": ["alexabolot92408e9350894ecd"], "provider": "vk-oauth2", "uid": "538690282", "extra_data": "{\"auth_time\": 1663766269, \"id\": 538690282, \"expires\": 86398, \"access_token\": \"vk1.a.g3zxdsH1n_felwso3k80Rv8O0S3h_26Ocyj9dQ8ZU8fIuZeo_64s_FTrPZQBcvV6t53gm7X2YQQ3Uq8jx2uDSBXDy5M-qycokkUy1tp-ps6kG0BTCxMfz8IJ6EIBaWa4Qp6HQmpSwlZ9R56vMwjyllnp5FtCN_MBPEUVH1zkCvQH7Dgorzfwp_wn_A4YeUJ9\", \"token_type\": null}", "created": "2022-08-02T18:01:26.110Z", "modified": "2022-09-21T13:17:49.573Z"}}]